{"metadata":{"asset_id":"21e91ab1-5e5d-43c0-aa36-5e55064d60f2","asset_attributes":["data_asset"],"name":"car_sales_data_sample.csv","asset_type":"data_asset","created_at":"2022-11-11T13:57:06Z","origin_country":"us","owner_id":"IBMid-6670009QD1","project_id":"de6a8feb-092e-43ae-8a5e-7af62dae17e9","size":527958,"usage":{"last_update_time":1668175415631,"last_updated_at":"2022-11-11T14:03:35Z"}},"entity":{"data_asset":{"mime_type":"text/csv","dataset":false,"schema":{"etag":"\"38a3712cdcbf34d3c9f69b032e071d15\"","valid_since":"Fri, 11 Nov 2022 13:57:06 GMT","fields":[{"name":"ORDERNUMBER","type":"integer","format":"default"},{"name":"QUANTITYORDERED","type":"integer","format":"default"},{"name":"PRICEEACH","type":"integer","format":"default"},{"name":"ORDERLINENUMBER","type":"integer","format":"default"},{"name":"SALES","type":"number","format":"default"},{"name":"ORDERDATE","type":"string","format":"default"},{"name":"STATUS","type":"string","format":"default"},{"name":"QTR_ID","type":"string","format":"default"},{"name":"MONTH_ID","type":"string","format":"default"},{"name":"YEAR_ID","type":"string","format":"default"},{"name":"PRODUCTLINE","type":"string","format":"default"},{"name":"MSRP","type":"integer","format":"default"},{"name":"PRODUCTCODE","type":"string","format":"default"},{"name":"CUSTOMERNAME","type":"string","format":"default"},{"name":"PHONE","type":"string","format":"default"},{"name":"ADDRESSLINE1","type":"string","format":"default"},{"name":"ADDRESSLINE2","type":"string","format":"default"},{"name":"CITY","type":"string","format":"default"},{"name":"STATE","type":"string","format":"default"},{"name":"POSTALCODE","type":"string","format":"default"},{"name":"COUNTRY","type":"string","format":"default"},{"name":"TERRITORY","type":"string","format":"default"},{"name":"CONTACTLASTNAME","type":"string","format":"default"},{"name":"CONTACTFIRSTNAME","type":"string","format":"default"},{"name":"DEALSIZE","type":"string","format":"default"}]}},"location_definition":{"physical_location_code_assignment_method":"INFERRED","physical_location_code":"DAL","physical_location_code_assigned_by":"IBMid-6670009QD1","physical_location_code_added_on":"1667866883195","physical_location_code_rds_version":"00002022-1027-4215-8732-536680000000_2","physical_location_code_rds_id":"c57cb90f-2126-3800-9c9f-9eab82021cdf"}},"attachments":[{"id":"39d290ea-a560-43cc-8deb-0bfc51b7a3f9","version":2,"asset_type":"data_asset","name":"car_sales_data_sample.csv","mime":"text/csv","datasource_type":"193a97c1-4475-4a19-b90c-295c4fdc6517","object_key":"car_sales_data_sample.csv","creator_id":"IBMid-6670009QD1","create_time":1668175028615,"size":527958,"is_remote":false,"is_managed":false,"is_referenced":true,"is_object_key_read_only":true,"is_user_provided_path_key":true,"transfer_complete":true,"is_partitioned":false,"complete_time_ticks":1668175028615,"user_data":{},"test_doc":0,"handle":{"bucket":"capstoneproject-donotdelete-pr-jadjv2kau6j0ht","location":"us-geo","type":"bluemix_cos","key":"car_sales_data_sample.csv","upload_id":"done","max_part_num":1},"usage":{"access_count":0,"last_accessor_id":"IBMid-6670009QD1","last_access_time":1668175028615}}]}
