{"metadata":{"asset_id":"f2387a39-2b6d-44a5-a349-8cf51df64243","asset_attributes":["data_asset"],"name":"m5_survey_data_technologies_normalised.csv","asset_type":"data_asset","created_at":"2022-11-11T14:09:29Z","origin_country":"us","owner_id":"IBMid-6670009QD1","project_id":"de6a8feb-092e-43ae-8a5e-7af62dae17e9","size":4172595,"usage":{"last_update_time":1668175870836,"last_updated_at":"2022-11-11T14:11:10Z"}},"entity":{"data_asset":{"mime_type":"text/csv","dataset":false,"schema":{"etag":"\"9f42c66ef065482a77de5a9a0a249fcf\"","valid_since":"Fri, 11 Nov 2022 14:09:28 GMT","fields":[{"name":"Respondent","type":"integer","format":"default"},{"name":"LanguageWorkedWith","type":"string","format":"default"},{"name":"LanguageDesireNextYear","type":"string","format":"default"},{"name":"DatabaseWorkedWith","type":"string","format":"default"},{"name":"DatabaseDesireNextYear","type":"string","format":"default"},{"name":"PlatformWorkedWith","type":"string","format":"default"},{"name":"PlatformDesireNextYear","type":"string","format":"default"},{"name":"WebFrameWorkedWith","type":"string","format":"default"},{"name":"WebFrameDesireNextYear","type":"string","format":"default"},{"name":"DevEnviron","type":"string","format":"default"},{"name":"OpSys","type":"string","format":"default"},{"name":"Containers","type":"string","format":"default"},{"name":"BlockchainOrg","type":"string","format":"default"},{"name":"BlockchainIs","type":"string","format":"default"}]}},"location_definition":{"physical_location_code_assignment_method":"INFERRED","physical_location_code":"DAL","physical_location_code_assigned_by":"IBMid-6670009QD1","physical_location_code_added_on":"1667866883195","physical_location_code_rds_version":"00002022-1027-4215-8732-536680000000_2","physical_location_code_rds_id":"c57cb90f-2126-3800-9c9f-9eab82021cdf"}},"attachments":[{"id":"b16c94bb-8b35-4a19-858f-ee4f2e4308d9","version":2,"asset_type":"data_asset","name":"m5_survey_data_technologies_normalised.csv","mime":"text/csv","datasource_type":"193a97c1-4475-4a19-b90c-295c4fdc6517","object_key":"m5_survey_data_technologies_normalised.csv","creator_id":"IBMid-6670009QD1","create_time":1668175771042,"size":4172595,"is_remote":false,"is_managed":false,"is_referenced":true,"is_object_key_read_only":true,"is_user_provided_path_key":true,"transfer_complete":true,"is_partitioned":false,"complete_time_ticks":1668175771042,"user_data":{},"test_doc":0,"handle":{"bucket":"capstoneproject-donotdelete-pr-jadjv2kau6j0ht","location":"us-geo","type":"bluemix_cos","key":"m5_survey_data_technologies_normalised.csv","upload_id":"done","max_part_num":1},"usage":{"access_count":0,"last_accessor_id":"IBMid-6670009QD1","last_access_time":1668175771042}}]}
