{"metadata":{"asset_id":"651cbe32-e5df-46b3-826f-6fe3545bbeed","asset_attributes":["data_asset"],"name":"m5_survey_data_demographics.csv","asset_type":"data_asset","created_at":"2022-11-11T14:09:59Z","origin_country":"us","owner_id":"IBMid-6670009QD1","project_id":"de6a8feb-092e-43ae-8a5e-7af62dae17e9","size":23516217,"usage":{"last_update_time":1668175861064,"last_updated_at":"2022-11-11T14:11:01Z"}},"entity":{"data_asset":{"mime_type":"text/csv","dataset":false,"schema":{"etag":"\"0e886e84c9acc96a356c6b1a003b8c8a-5\"","valid_since":"Fri, 11 Nov 2022 14:09:57 GMT","fields":[{"name":"Respondent","type":"integer","format":"default"},{"name":"MainBranch","type":"string","format":"default"},{"name":"Hobbyist","type":"string","format":"default"},{"name":"OpenSourcer","type":"string","format":"default"},{"name":"OpenSource","type":"string","format":"default"},{"name":"Employment","type":"string","format":"default"},{"name":"Country","type":"string","format":"default"},{"name":"Student","type":"string","format":"default"},{"name":"EdLevel","type":"string","format":"default"},{"name":"UndergradMajor","type":"string","format":"default"},{"name":"EduOther","type":"string","format":"default"},{"name":"OrgSize","type":"string","format":"default"},{"name":"DevType","type":"string","format":"default"},{"name":"YearsCode","type":"string","format":"default"},{"name":"Age1stCode","type":"string","format":"default"},{"name":"YearsCodePro","type":"string","format":"default"},{"name":"CareerSat","type":"string","format":"default"},{"name":"JobSat","type":"string","format":"default"},{"name":"MgrIdiot","type":"string","format":"default"},{"name":"MgrMoney","type":"string","format":"default"},{"name":"MgrWant","type":"string","format":"default"},{"name":"JobSeek","type":"string","format":"default"},{"name":"LastHireDate","type":"any","format":"default"},{"name":"LastInt","type":"string","format":"default"},{"name":"FizzBuzz","type":"string","format":"default"},{"name":"JobFactors","type":"string","format":"default"},{"name":"ResumeUpdate","type":"string","format":"default"},{"name":"CurrencySymbol","type":"string","format":"default"},{"name":"CurrencyDesc","type":"string","format":"default"},{"name":"CompTotal","type":"integer","format":"default"},{"name":"CompFreq","type":"string","format":"default"},{"name":"ConvertedComp","type":"integer","format":"default"},{"name":"WorkWeekHrs","type":"integer","format":"default"},{"name":"WorkPlan","type":"string","format":"default"},{"name":"WorkChallenge","type":"string","format":"default"},{"name":"WorkRemote","type":"string","format":"default"},{"name":"WorkLoc","type":"string","format":"default"},{"name":"ImpSyn","type":"string","format":"default"},{"name":"CodeRev","type":"string","format":"default"},{"name":"CodeRevHrs","type":"string","format":"default"},{"name":"UnitTests","type":"string","format":"default"},{"name":"PurchaseHow","type":"string","format":"default"},{"name":"PurchaseWhat","type":"string","format":"default"},{"name":"BetterLife","type":"string","format":"default"},{"name":"ITperson","type":"string","format":"default"},{"name":"OffOn","type":"string","format":"default"},{"name":"SocialMedia","type":"string","format":"default"},{"name":"Extraversion","type":"string","format":"default"},{"name":"ScreenName","type":"string","format":"default"},{"name":"SOVisit1st","type":"year","format":"default"},{"name":"SOVisitFreq","type":"string","format":"default"},{"name":"SOVisitTo","type":"string","format":"default"},{"name":"SOFindAnswer","type":"string","format":"default"},{"name":"SOTimeSaved","type":"string","format":"default"},{"name":"SOHowMuchTime","type":"string","format":"default"},{"name":"SOAccount","type":"string","format":"default"},{"name":"SOPartFreq","type":"string","format":"default"},{"name":"SOJobs","type":"string","format":"default"},{"name":"EntTeams","type":"string","format":"default"},{"name":"SOComm","type":"string","format":"default"},{"name":"WelcomeChange","type":"string","format":"default"},{"name":"SONewContent","type":"string","format":"default"},{"name":"Age","type":"string","format":"default"},{"name":"Gender","type":"string","format":"default"},{"name":"Trans","type":"string","format":"default"},{"name":"Sexuality","type":"string","format":"default"},{"name":"Ethnicity","type":"string","format":"default"},{"name":"Dependents","type":"string","format":"default"},{"name":"SurveyLength","type":"string","format":"default"},{"name":"SurveyEase","type":"string","format":"default"}]}},"location_definition":{"physical_location_code_assignment_method":"INFERRED","physical_location_code":"DAL","physical_location_code_assigned_by":"IBMid-6670009QD1","physical_location_code_added_on":"1667866883195","physical_location_code_rds_version":"00002022-1027-4215-8732-536680000000_2","physical_location_code_rds_id":"c57cb90f-2126-3800-9c9f-9eab82021cdf"}},"attachments":[{"id":"462ca4c9-9e06-44f6-946f-f0baaa08fc6b","version":2,"asset_type":"data_asset","name":"m5_survey_data_demographics.csv","mime":"text/csv","datasource_type":"193a97c1-4475-4a19-b90c-295c4fdc6517","object_key":"m5_survey_data_demographics.csv","creator_id":"IBMid-6670009QD1","create_time":1668175799704,"size":23516217,"is_remote":false,"is_managed":false,"is_referenced":true,"is_object_key_read_only":true,"is_user_provided_path_key":true,"transfer_complete":true,"is_partitioned":false,"complete_time_ticks":1668175799704,"user_data":{},"test_doc":0,"handle":{"bucket":"capstoneproject-donotdelete-pr-jadjv2kau6j0ht","location":"us-geo","type":"bluemix_cos","key":"m5_survey_data_demographics.csv","upload_id":"done","max_part_num":1},"usage":{"access_count":0,"last_accessor_id":"IBMid-6670009QD1","last_access_time":1668175799704}}]}
